"","acceptedScientificName","acceptedTaxonKey","accessRights","adm1","associatedSequences","associatedTaxa","basisOfRecord","catalogNumber","class","classKey","cloc","collectionCode","continent","country","crawlId","created","datasetKey","day","dynamicProperties","elevation","elevationAccuracy","eventDate","eventRemarks","family","familyKey","fieldNumber","fullCountry","gbifID","genericName","genus","genusKey","geodeticDatum","georeferenceSources","habitat","higherClassification","higherGeography","http...unknown.org.habitatproperty","identificationID","identificationRemarks","identificationVerificationStatus","identifiedBy","identifier","individualCount","installationKey","institutionCode","ISO2","key","kingdom","kingdomKey","language","lastCrawled","lastInterpreted","lastParsed","lat","license","lifeStage","locality","locationRemarks","lon","modified","month","nomenclaturalCode","occurrenceID","occurrenceRemarks","occurrenceStatus","order","orderKey","organismName","otherCatalogNumbers","phylum","phylumKey","preparations","protocol","publishingCountry","publishingOrgKey","recordedBy","references","rightsHolder","samplingProtocol","scientificName","sex","species","speciesKey","specificEpithet","taxonConceptID","taxonID","taxonKey","taxonomicStatus","taxonRank","verbatimLocality","verbatimTaxonRank","year","downloadDate","optional"
"1","Chilo partellus Swinhoe, 1885",1883200,NA,NA,NA,NA,"HUMAN_OBSERVATION","1815986","Insecta",216,"India",NA,NA,"India",25,NA,"c6b86c40-ff71-4e5e-902c-111f400d0d56",17,NA,NA,NA,"2018-09-17T00:00:00",NA,"Crambidae",8841,NA,"India","2598670083","Chilo","Chilo",1883132,"WGS84",NA,NA,"Animalia | Arthropoda | Insecta | Lepidoptera | Pyraloidea | Crambidae | Chilo | Chilo partellus Swinhoe, 1885",NA,"All","427662",NA,"Validated","Moinudheen","https://indiabiodiversity.org/observation/show/1815986",NA,"92b6f5e3-6a88-4ec9-a61c-c368b6775e20",NA,"IN",2598670083,"Animalia",1,NA,"2020-10-13T00:28:13.679+0000","2020-10-13T00:28:31.768+0000","2020-10-13T00:28:31.768+0000",11.386415,"http://creativecommons.org/licenses/by/4.0/legalcode",NA,NA,NA,76.700836,NA,9,NA,"https://indiabiodiversity.org/observation/show/1815986",NA,"PRESENT","Lepidoptera",797,"Chilo partellus",NA,"Arthropoda",54,NA,"DWC_ARCHIVE","IN","62431bdf-fa0c-452b-afce-be14884a47ff","Moinudheen",NA,NA,NA,"Chilo partellus Swinhoe, 1885",NA,"Chilo partellus",1883200,"partellus",NA,"270197",1883200,"ACCEPTED","SPECIES","Lovedale Rd, Fern Hill, Ooty, Tamil Nadu 643004, India",NA,2018,2020-10-16,TRUE
"3","BOLD:AAN5677",10526965,"Creative Commons - Share Alike","KwaZulu-Natal","https://www.ncbi.nlm.nih.gov/nuccore/MK566470",NA,"MATERIAL_SAMPLE",NA,"Insecta",216,"Mount Edgecombe, KwaZulu-Natal, South Africa",NA,NA,"South Africa",161,NA,"040c5662-da76-4782-a48e-cdea1892d14c",26,NA,NA,NA,"2016-08-26T00:00:00",NA,"Crambidae",8841,NA,"South Africa","2250844849","BOLD:AAN5677","Chilo",1883132,"WGS84","Google Earth",NA,NA,NA,NA,NA,"BOLD:AAN5677",NA,NA,"LSTEM064-18",NA,"fb5e4c2a-579c-434b-a446-3a665dd732ad",NA,"ZA",2250844849,"Animalia",1,"en","2020-09-03T03:46:09.404+0000","2020-09-05T05:53:10.455+0000","2020-09-05T05:53:10.455+0000",-29.7,"http://creativecommons.org/licenses/by/4.0/legalcode","ADULT","Mount Edgecombe","10km",31.05,NA,8,NA,"http://bins.boldsystems.org/index.php/Public_RecordView?processid=LSTEM064-18","Australian Museum, Sydney","PRESENT","Lepidoptera",797,NA,NA,"Arthropoda",54,NA,"DWC_ARCHIVE",NA,"b3bf3a83-1f68-4541-a03f-330d30d567f5","D.Y. Gillespie",NA,"Barcode of Life Datasystems",NA,"BOLD:AAN5677","MALE","Chilo partellus",1883200,NA,"http://www.boldsystems.org/index.php/Public_BarcodeCluster?clusteruri=BOLD:AAN5677","http://www.boldsystems.org/index.php/Public_BarcodeCluster?clusteruri=BOLD:AAN5677",10526965,"ACCEPTED","UNRANKED",NA,NA,2016,2020-10-16,TRUE
"5","Chilo partellus Swinhoe, 1885",1883200,"Creative Commons - Share Alike",NA,"https://www.ncbi.nlm.nih.gov/nuccore/KU687434",NA,"MATERIAL_SAMPLE","FEZA2","Insecta",216,"Hatay, Turkey",NA,NA,"Turkey",161,NA,"040c5662-da76-4782-a48e-cdea1892d14c",15,NA,85,0,"2015-04-15T00:00:00",NA,"Crambidae",8841,"FEZA2","Turkey","2250033910","Chilo","Chilo",1883132,"WGS84",NA,NA,NA,NA,NA,NA,NA,NA,"Feza Can Cengiz","GBMIX2733-16",NA,"fb5e4c2a-579c-434b-a446-3a665dd732ad",NA,"TR",2250033910,"Animalia",1,"en","2020-09-03T03:46:09.404+0000","2020-09-05T05:53:10.422+0000","2020-09-05T05:53:10.422+0000",36.202,"http://creativecommons.org/licenses/by/4.0/legalcode","ADULT","Hatay",NA,36.161,NA,4,NA,"http://bins.boldsystems.org/index.php/Public_RecordView?processid=GBMIX2733-16","Mustafa Kemal University","PRESENT","Lepidoptera",797,NA,NA,"Arthropoda",54,NA,"DWC_ARCHIVE",NA,"b3bf3a83-1f68-4541-a03f-330d30d567f5","Dr. Feza CAN CENGIZ",NA,"Barcode of Life Datasystems",NA,"Chilo partellus Swinhoe, 1885",NA,"Chilo partellus",1883200,"partellus",NA,NA,1883200,"ACCEPTED","SPECIES",NA,NA,2015,2020-10-16,TRUE
"14","Chilo partellus Swinhoe, 1885",1883200,NA,NA,"KU687442",NA,"PRESERVED_SPECIMEN",NA,"Insecta",216,"Turkey:Hatay, Turkey",NA,NA,"Turkey",128,"2016-09-28","ad43e954-dd79-4986-ae34-9ccdbd8bf568",15,NA,NA,NA,"2015-04-15T00:00:00",NA,"Crambidae",8841,NA,"Turkey","2307347680","Chilo","Chilo",1883132,"WGS84",NA,NA,"Eukaryota;Metazoa;Ecdysozoa;Arthropoda;Hexapoda;Insecta;Pterygota;Neoptera;Holometabola;Lepidoptera;Glossata;Ditrysia;Pyraloidea;Crambidae;Crambinae;Chilo",NA,NA,NA,NA,NA,"Feza Can Cengiz","KU687442",NA,"9e4f3516-2b98-4700-a39a-3f109252508c",NA,"TR",2307347680,"Animalia",1,NA,"2019-08-05T13:47:28.081+0000","2020-10-07T14:08:19.000+0000","2020-10-07T14:08:19.000+0000",36.2,"http://creativecommons.org/licenses/by/4.0/legalcode",NA,"Turkey:Hatay",NA,36.16,"2016-09-28T00:00:00.000+0000",4,NA,"KU687442",NA,"PRESENT","Lepidoptera",797,NA,NA,"Arthropoda",54,NA,"DWC_ARCHIVE","GB","ada9d123-ddb4-467d-8891-806ea8d94230","Dr. Feza CAN CENGIZ","http://www.ebi.ac.uk/ena/data/view/KU687442",NA,NA,"Chilo partellus Swinhoe, 1885",NA,"Chilo partellus",1883200,"partellus",NA,"236792",1883200,"ACCEPTED","SPECIES",NA,NA,2015,2020-10-16,TRUE
"22","Chilo partellus Swinhoe, 1885",1883200,NA,"Oueme",NA,NA,"UNKNOWN","LSF/UAC1020","Insecta",216,"Aguigadji, Oueme, Benin, AFRICA","UAC","AFRICA","Benin",130,NA,"5e1d2d54-f5db-43ac-87c5-55a9f79ac718",NA,NA,NA,NA,"2014-04-01T00:00:00",NA,"Crambidae",8841,NA,"Benin","1042784273","Chilo","Chilo",1883132,"WGS84",NA,"Zones forestières, savanes,, zones humides, espaces agricoles",NA,NA,NA,NA,NA,NA,"Georg GOERGEN, Pascal DUPONT, Peter NEUENSCHWANDER","1020",NA,"842b6a28-624a-4ddc-a96e-04d0ce819fce","Laboratoire des Sciences Forestières (LSF/UAC)","BJ",1042784273,"Animalia",1,NA,"2020-08-28T21:17:56.666+0000","2020-09-01T16:10:15.250+0000","2020-09-01T16:10:15.250+0000",7.4833,"http://creativecommons.org/publicdomain/zero/1.0/legalcode",NA,"Aguigadji",NA,2.4333,NA,4,NA,"1020",NA,"PRESENT","Lepidoptera",797,NA,NA,"Arthropoda",54,NA,"DWC_ARCHIVE","BJ","b2db85d5-c5fe-4125-9e36-590a5f651829",NA,NA,NA,"Exhaustive field exploration","Chilo partellus Swinhoe, 1885",NA,"Chilo partellus",1883200,"partellus",NA,NA,1883200,"ACCEPTED","SPECIES",NA,NA,2014,2020-10-16,TRUE
"23","Chilo partellus Swinhoe, 1885",1883200,NA,"Zou",NA,NA,"UNKNOWN","LSF/UAC1031","Insecta",216,"Lokoli, Zou, Benin, AFRICA","UAC","AFRICA","Benin",130,NA,"5e1d2d54-f5db-43ac-87c5-55a9f79ac718",NA,NA,NA,NA,"2014-04-01T00:00:00",NA,"Crambidae",8841,NA,"Benin","1042784275","Chilo","Chilo",1883132,"WGS84",NA,"Zones forestières, savanes,, zones humides, espaces agricoles",NA,NA,NA,NA,NA,NA,"Georg GOERGEN, Pascal DUPONT, Peter NEUENSCHWANDER","1031",NA,"842b6a28-624a-4ddc-a96e-04d0ce819fce","Laboratoire des Sciences Forestières (LSF/UAC)","BJ",1042784275,"Animalia",1,NA,"2020-08-28T21:17:56.666+0000","2020-09-01T16:10:15.251+0000","2020-09-01T16:10:15.251+0000",7.0833,"http://creativecommons.org/publicdomain/zero/1.0/legalcode",NA,"Lokoli",NA,2.1,NA,4,NA,"1031",NA,"PRESENT","Lepidoptera",797,NA,NA,"Arthropoda",54,NA,"DWC_ARCHIVE","BJ","b2db85d5-c5fe-4125-9e36-590a5f651829",NA,NA,NA,"Exhaustive field exploration","Chilo partellus Swinhoe, 1885",NA,"Chilo partellus",1883200,"partellus",NA,NA,1883200,"ACCEPTED","SPECIES",NA,NA,2014,2020-10-16,TRUE
"24","Chilo partellus Swinhoe, 1885",1883200,NA,"Atlantique",NA,NA,"UNKNOWN","LSF/UAC1021","Insecta",216,"Ahozon, Atlantique, Benin, AFRICA","UAC","AFRICA","Benin",130,NA,"5e1d2d54-f5db-43ac-87c5-55a9f79ac718",NA,NA,NA,NA,"2014-04-01T00:00:00",NA,"Crambidae",8841,NA,"Benin","1042784292","Chilo","Chilo",1883132,"WGS84",NA,"Zones forestières, savanes,, zones humides, espaces agricoles",NA,NA,NA,NA,NA,NA,"Georg GOERGEN, Pascal DUPONT, Peter NEUENSCHWANDER","1021",NA,"842b6a28-624a-4ddc-a96e-04d0ce819fce","Laboratoire des Sciences Forestières (LSF/UAC)","BJ",1042784292,"Animalia",1,NA,"2020-08-28T21:17:56.666+0000","2020-09-01T16:10:15.241+0000","2020-09-01T16:10:15.241+0000",6.3833,"http://creativecommons.org/publicdomain/zero/1.0/legalcode",NA,"Ahozon",NA,2.1833,NA,4,NA,"1021",NA,"PRESENT","Lepidoptera",797,NA,NA,"Arthropoda",54,NA,"DWC_ARCHIVE","BJ","b2db85d5-c5fe-4125-9e36-590a5f651829",NA,NA,NA,"Exhaustive field exploration","Chilo partellus Swinhoe, 1885",NA,"Chilo partellus",1883200,"partellus",NA,NA,1883200,"ACCEPTED","SPECIES",NA,NA,2014,2020-10-16,TRUE
"25","Chilo partellus Swinhoe, 1885",1883200,NA,"Borgou",NA,NA,"UNKNOWN","LSF/UAC1030","Insecta",216,"Parakou, Borgou, Benin, AFRICA","UAC","AFRICA","Benin",130,NA,"5e1d2d54-f5db-43ac-87c5-55a9f79ac718",NA,NA,NA,NA,"2014-04-01T00:00:00",NA,"Crambidae",8841,NA,"Benin","1042784296","Chilo","Chilo",1883132,"WGS84",NA,"Zones forestières, savanes,, zones humides, espaces agricoles",NA,NA,NA,NA,NA,NA,"Georg GOERGEN, Pascal DUPONT, Peter NEUENSCHWANDER","1030",NA,"842b6a28-624a-4ddc-a96e-04d0ce819fce","Laboratoire des Sciences Forestières (LSF/UAC)","BJ",1042784296,"Animalia",1,NA,"2020-08-28T21:17:56.666+0000","2020-09-01T16:10:15.242+0000","2020-09-01T16:10:15.242+0000",9.35,"http://creativecommons.org/publicdomain/zero/1.0/legalcode",NA,"Parakou",NA,2.6166,NA,4,NA,"1030",NA,"PRESENT","Lepidoptera",797,NA,NA,"Arthropoda",54,NA,"DWC_ARCHIVE","BJ","b2db85d5-c5fe-4125-9e36-590a5f651829",NA,NA,NA,"Exhaustive field exploration","Chilo partellus Swinhoe, 1885",NA,"Chilo partellus",1883200,"partellus",NA,NA,1883200,"ACCEPTED","SPECIES",NA,NA,2014,2020-10-16,TRUE
"26","Chilo partellus Swinhoe, 1885",1883200,NA,"Atlantique",NA,NA,"UNKNOWN","LSF/UAC1023","Insecta",216,"Drabo Gbo, Atlantique, Benin, AFRICA","UAC","AFRICA","Benin",130,NA,"5e1d2d54-f5db-43ac-87c5-55a9f79ac718",NA,NA,NA,NA,"2014-04-01T00:00:00",NA,"Crambidae",8841,NA,"Benin","1042784305","Chilo","Chilo",1883132,"WGS84",NA,"Zones forestières, savanes,, zones humides, espaces agricoles",NA,NA,NA,NA,NA,NA,"Georg GOERGEN, Pascal DUPONT, Peter NEUENSCHWANDER","1023",NA,"842b6a28-624a-4ddc-a96e-04d0ce819fce","Laboratoire des Sciences Forestières (LSF/UAC)","BJ",1042784305,"Animalia",1,NA,"2020-08-28T21:17:56.666+0000","2020-09-01T16:10:15.199+0000","2020-09-01T16:10:15.199+0000",6.45,"http://creativecommons.org/publicdomain/zero/1.0/legalcode",NA,"Drabo Gbo",NA,2.35,NA,4,NA,"1023",NA,"PRESENT","Lepidoptera",797,NA,NA,"Arthropoda",54,NA,"DWC_ARCHIVE","BJ","b2db85d5-c5fe-4125-9e36-590a5f651829",NA,NA,NA,"Exhaustive field exploration","Chilo partellus Swinhoe, 1885",NA,"Chilo partellus",1883200,"partellus",NA,NA,1883200,"ACCEPTED","SPECIES",NA,NA,2014,2020-10-16,TRUE
"27","Chilo partellus Swinhoe, 1885",1883200,NA,"Atacora",NA,NA,"UNKNOWN","LSF/UAC1022","Insecta",216,"Bassila, Atacora, Benin, AFRICA","UAC","AFRICA","Benin",130,NA,"5e1d2d54-f5db-43ac-87c5-55a9f79ac718",NA,NA,NA,NA,"2014-04-01T00:00:00",NA,"Crambidae",8841,NA,"Benin","1042784306","Chilo","Chilo",1883132,"WGS84",NA,"Zones forestières, savanes,, zones humides, espaces agricoles",NA,NA,NA,NA,NA,NA,"Georg GOERGEN, Pascal DUPONT, Peter NEUENSCHWANDER","1022",NA,"842b6a28-624a-4ddc-a96e-04d0ce819fce","Laboratoire des Sciences Forestières (LSF/UAC)","BJ",1042784306,"Animalia",1,NA,"2020-08-28T21:17:56.666+0000","2020-09-01T16:10:15.199+0000","2020-09-01T16:10:15.199+0000",9.0166,"http://creativecommons.org/publicdomain/zero/1.0/legalcode",NA,"Bassila",NA,1.6666,NA,4,NA,"1022",NA,"PRESENT","Lepidoptera",797,NA,NA,"Arthropoda",54,NA,"DWC_ARCHIVE","BJ","b2db85d5-c5fe-4125-9e36-590a5f651829",NA,NA,NA,"Exhaustive field exploration","Chilo partellus Swinhoe, 1885",NA,"Chilo partellus",1883200,"partellus",NA,NA,1883200,"ACCEPTED","SPECIES",NA,NA,2014,2020-10-16,TRUE
"28","Chilo partellus Swinhoe, 1885",1883200,NA,"Atlantique",NA,NA,"UNKNOWN","LSF/UAC1025","Insecta",216,"Lama, Atlantique, Benin, AFRICA","UAC","AFRICA","Benin",130,NA,"5e1d2d54-f5db-43ac-87c5-55a9f79ac718",NA,NA,NA,NA,"2014-04-01T00:00:00",NA,"Crambidae",8841,NA,"Benin","1042784307","Chilo","Chilo",1883132,"WGS84",NA,"Zones forestières, savanes,, zones humides, espaces agricoles",NA,NA,NA,NA,NA,NA,"Georg GOERGEN, Pascal DUPONT, Peter NEUENSCHWANDER","1025",NA,"842b6a28-624a-4ddc-a96e-04d0ce819fce","Laboratoire des Sciences Forestières (LSF/UAC)","BJ",1042784307,"Animalia",1,NA,"2020-08-28T21:17:56.666+0000","2020-09-01T16:10:15.203+0000","2020-09-01T16:10:15.203+0000",6.9166,"http://creativecommons.org/publicdomain/zero/1.0/legalcode",NA,"Lama",NA,2.1666,NA,4,NA,"1025",NA,"PRESENT","Lepidoptera",797,NA,NA,"Arthropoda",54,NA,"DWC_ARCHIVE","BJ","b2db85d5-c5fe-4125-9e36-590a5f651829",NA,NA,NA,"Exhaustive field exploration","Chilo partellus Swinhoe, 1885",NA,"Chilo partellus",1883200,"partellus",NA,NA,1883200,"ACCEPTED","SPECIES",NA,NA,2014,2020-10-16,TRUE
"29","Chilo partellus Swinhoe, 1885",1883200,NA,"Atacora",NA,NA,"UNKNOWN","LSF/UAC1024","Insecta",216,"Goutansoukpa, Atacora, Benin, AFRICA","UAC","AFRICA","Benin",130,NA,"5e1d2d54-f5db-43ac-87c5-55a9f79ac718",NA,NA,NA,NA,"2014-04-01T00:00:00",NA,"Crambidae",8841,NA,"Benin","1042784310","Chilo","Chilo",1883132,"WGS84",NA,"Zones forestières, savanes,, zones humides, espaces agricoles",NA,NA,NA,NA,NA,NA,"Georg GOERGEN, Pascal DUPONT, Peter NEUENSCHWANDER","1024",NA,"842b6a28-624a-4ddc-a96e-04d0ce819fce","Laboratoire des Sciences Forestières (LSF/UAC)","BJ",1042784310,"Animalia",1,NA,"2020-08-28T21:17:56.666+0000","2020-09-01T16:10:15.201+0000","2020-09-01T16:10:15.201+0000",9.7,"http://creativecommons.org/publicdomain/zero/1.0/legalcode",NA,"Goutansoukpa",NA,1.6666,NA,4,NA,"1024",NA,"PRESENT","Lepidoptera",797,NA,NA,"Arthropoda",54,NA,"DWC_ARCHIVE","BJ","b2db85d5-c5fe-4125-9e36-590a5f651829",NA,NA,NA,"Exhaustive field exploration","Chilo partellus Swinhoe, 1885",NA,"Chilo partellus",1883200,"partellus",NA,NA,1883200,"ACCEPTED","SPECIES",NA,NA,2014,2020-10-16,TRUE
"30","Chilo partellus Swinhoe, 1885",1883200,NA,"Atacora",NA,NA,"UNKNOWN","LSF/UAC1027","Insecta",216,"Pénéssoulou, Atacora, Benin, AFRICA","UAC","AFRICA","Benin",130,NA,"5e1d2d54-f5db-43ac-87c5-55a9f79ac718",NA,NA,NA,NA,"2014-04-01T00:00:00",NA,"Crambidae",8841,NA,"Benin","1042784319","Chilo","Chilo",1883132,"WGS84",NA,"Zones forestières, savanes,, zones humides, espaces agricoles",NA,NA,NA,NA,NA,NA,"Georg GOERGEN, Pascal DUPONT, Peter NEUENSCHWANDER","1027",NA,"842b6a28-624a-4ddc-a96e-04d0ce819fce","Laboratoire des Sciences Forestières (LSF/UAC)","BJ",1042784319,"Animalia",1,NA,"2020-08-28T21:17:56.666+0000","2020-09-01T16:10:15.197+0000","2020-09-01T16:10:15.197+0000",9.25,"http://creativecommons.org/publicdomain/zero/1.0/legalcode",NA,"Pénéssoulou",NA,1.55,NA,4,NA,"1027",NA,"PRESENT","Lepidoptera",797,NA,NA,"Arthropoda",54,NA,"DWC_ARCHIVE","BJ","b2db85d5-c5fe-4125-9e36-590a5f651829",NA,NA,NA,"Exhaustive field exploration","Chilo partellus Swinhoe, 1885",NA,"Chilo partellus",1883200,"partellus",NA,NA,1883200,"ACCEPTED","SPECIES",NA,NA,2014,2020-10-16,TRUE
"31","Chilo partellus Swinhoe, 1885",1883200,NA,"Atlantique",NA,NA,"UNKNOWN","LSF/UAC1026","Insecta",216,"Niaouli, Atlantique, Benin, AFRICA","UAC","AFRICA","Benin",130,NA,"5e1d2d54-f5db-43ac-87c5-55a9f79ac718",NA,NA,NA,NA,"2014-04-01T00:00:00",NA,"Crambidae",8841,NA,"Benin","1042784320","Chilo","Chilo",1883132,"WGS84",NA,"Zones forestières, savanes,, zones humides, espaces agricoles",NA,NA,NA,NA,NA,NA,"Georg GOERGEN, Pascal DUPONT, Peter NEUENSCHWANDER","1026",NA,"842b6a28-624a-4ddc-a96e-04d0ce819fce","Laboratoire des Sciences Forestières (LSF/UAC)","BJ",1042784320,"Animalia",1,NA,"2020-08-28T21:17:56.666+0000","2020-09-01T16:10:15.198+0000","2020-09-01T16:10:15.198+0000",6.7333,"http://creativecommons.org/publicdomain/zero/1.0/legalcode",NA,"Niaouli",NA,2.1333,NA,4,NA,"1026",NA,"PRESENT","Lepidoptera",797,NA,NA,"Arthropoda",54,NA,"DWC_ARCHIVE","BJ","b2db85d5-c5fe-4125-9e36-590a5f651829",NA,NA,NA,"Exhaustive field exploration","Chilo partellus Swinhoe, 1885",NA,"Chilo partellus",1883200,"partellus",NA,NA,1883200,"ACCEPTED","SPECIES",NA,NA,2014,2020-10-16,TRUE
"32","Chilo partellus Swinhoe, 1885",1883200,NA,"Zou",NA,NA,"UNKNOWN","LSF/UAC1032","Insecta",216,"Kpinkonzoumè, Zou, Benin, AFRICA","UAC","AFRICA","Benin",130,NA,"5e1d2d54-f5db-43ac-87c5-55a9f79ac718",NA,NA,NA,NA,"2014-04-01T00:00:00",NA,"Crambidae",8841,NA,"Benin","1042784321","Chilo","Chilo",1883132,"WGS84",NA,"Zones forestières, savanes,, zones humides, espaces agricoles",NA,NA,NA,NA,NA,NA,"Georg GOERGEN, Pascal DUPONT, Peter NEUENSCHWANDER","1032",NA,"842b6a28-624a-4ddc-a96e-04d0ce819fce","Laboratoire des Sciences Forestières (LSF/UAC)","BJ",1042784321,"Animalia",1,NA,"2020-08-28T21:17:56.666+0000","2020-09-01T16:10:15.198+0000","2020-09-01T16:10:15.198+0000",8.0333,"http://creativecommons.org/publicdomain/zero/1.0/legalcode",NA,"Kpinkonzoumè",NA,2.4833,NA,4,NA,"1032",NA,"PRESENT","Lepidoptera",797,NA,NA,"Arthropoda",54,NA,"DWC_ARCHIVE","BJ","b2db85d5-c5fe-4125-9e36-590a5f651829",NA,NA,NA,"Exhaustive field exploration","Chilo partellus Swinhoe, 1885",NA,"Chilo partellus",1883200,"partellus",NA,NA,1883200,"ACCEPTED","SPECIES",NA,NA,2014,2020-10-16,TRUE
"33","Chilo partellus Swinhoe, 1885",1883200,NA,"Atacora",NA,NA,"UNKNOWN","LSF/UAC1033","Insecta",216,"Pendjari, Atacora, Benin, AFRICA","UAC","AFRICA","Benin",130,NA,"5e1d2d54-f5db-43ac-87c5-55a9f79ac718",NA,NA,NA,NA,"2014-04-01T00:00:00",NA,"Crambidae",8841,NA,"Benin","1042784324","Chilo","Chilo",1883132,"WGS84",NA,"Zones forestières, savanes,, zones humides, espaces agricoles",NA,NA,NA,NA,NA,NA,"Georg GOERGEN, Pascal DUPONT, Peter NEUENSCHWANDER","1033",NA,"842b6a28-624a-4ddc-a96e-04d0ce819fce","Laboratoire des Sciences Forestières (LSF/UAC)","BJ",1042784324,"Animalia",1,NA,"2020-08-28T21:17:56.666+0000","2020-09-01T16:10:15.199+0000","2020-09-01T16:10:15.199+0000",10.9333,"http://creativecommons.org/publicdomain/zero/1.0/legalcode",NA,"Pendjari",NA,1.1166,NA,4,NA,"1033",NA,"PRESENT","Lepidoptera",797,NA,NA,"Arthropoda",54,NA,"DWC_ARCHIVE","BJ","b2db85d5-c5fe-4125-9e36-590a5f651829",NA,NA,NA,"Exhaustive field exploration","Chilo partellus Swinhoe, 1885",NA,"Chilo partellus",1883200,"partellus",NA,NA,1883200,"ACCEPTED","SPECIES",NA,NA,2014,2020-10-16,TRUE
"34","Chilo partellus Swinhoe, 1885",1883200,NA,"Oueme",NA,NA,"UNKNOWN","LSF/UAC1028","Insecta",216,"Pobè, Oueme, Benin, AFRICA","UAC","AFRICA","Benin",130,NA,"5e1d2d54-f5db-43ac-87c5-55a9f79ac718",NA,NA,NA,NA,"2014-04-01T00:00:00",NA,"Crambidae",8841,NA,"Benin","1042784333","Chilo","Chilo",1883132,"WGS84",NA,"Zones forestières, savanes,, zones humides, espaces agricoles",NA,NA,NA,NA,NA,NA,"Georg GOERGEN, Pascal DUPONT, Peter NEUENSCHWANDER","1028",NA,"842b6a28-624a-4ddc-a96e-04d0ce819fce","Laboratoire des Sciences Forestières (LSF/UAC)","BJ",1042784333,"Animalia",1,NA,"2020-08-28T21:17:56.666+0000","2020-09-01T16:10:15.185+0000","2020-09-01T16:10:15.185+0000",6.9666,"http://creativecommons.org/publicdomain/zero/1.0/legalcode",NA,"Pobè",NA,2.6833,NA,4,NA,"1028",NA,"PRESENT","Lepidoptera",797,NA,NA,"Arthropoda",54,NA,"DWC_ARCHIVE","BJ","b2db85d5-c5fe-4125-9e36-590a5f651829",NA,NA,NA,"Exhaustive field exploration","Chilo partellus Swinhoe, 1885",NA,"Chilo partellus",1883200,"partellus",NA,NA,1883200,"ACCEPTED","SPECIES",NA,NA,2014,2020-10-16,TRUE
"35","Chilo partellus Swinhoe, 1885",1883200,NA,"Borgou",NA,NA,"UNKNOWN","LSF/UAC1029","Insecta",216,"Wari-maro, Borgou, Benin, AFRICA","UAC","AFRICA","Benin",130,NA,"5e1d2d54-f5db-43ac-87c5-55a9f79ac718",NA,NA,NA,NA,"2014-04-01T00:00:00",NA,"Crambidae",8841,NA,"Benin","1042784334","Chilo","Chilo",1883132,"WGS84",NA,"Zones forestières, savanes,, zones humides, espaces agricoles",NA,NA,NA,NA,NA,NA,"Georg GOERGEN, Pascal DUPONT, Peter NEUENSCHWANDER","1029",NA,"842b6a28-624a-4ddc-a96e-04d0ce819fce","Laboratoire des Sciences Forestières (LSF/UAC)","BJ",1042784334,"Animalia",1,NA,"2020-08-28T21:17:56.666+0000","2020-09-01T16:10:15.184+0000","2020-09-01T16:10:15.184+0000",9.1666,"http://creativecommons.org/publicdomain/zero/1.0/legalcode",NA,"Wari-maro",NA,2.1666,NA,4,NA,"1029",NA,"PRESENT","Lepidoptera",797,NA,NA,"Arthropoda",54,NA,"DWC_ARCHIVE","BJ","b2db85d5-c5fe-4125-9e36-590a5f651829",NA,NA,NA,"Exhaustive field exploration","Chilo partellus Swinhoe, 1885",NA,"Chilo partellus",1883200,"partellus",NA,NA,1883200,"ACCEPTED","SPECIES",NA,NA,2014,2020-10-16,TRUE
"36","BOLD:AAN5677",10526965,"Creative Commons - Share Alike","Punjab",NA,NA,"MATERIAL_SAMPLE","pau ent IC : Cp Fz","Insecta",216,"Barnala, Mahil kalan, Field, Punjab, India",NA,NA,"India",161,NA,"040c5662-da76-4782-a48e-cdea1892d14c",18,NA,227,0,"2014-09-18T00:00:00",NA,"Crambidae",8841,"Cp Fz","India","2251211872","BOLD:AAN5677","Chilo",1883132,"WGS84",NA,NA,NA,NA,NA,NA,"BOLD:AAN5677",NA,"Vikas Jindal","PBCR028-15",NA,"fb5e4c2a-579c-434b-a446-3a665dd732ad",NA,"IN",2251211872,"Animalia",1,"en","2020-09-03T03:46:09.404+0000","2020-09-05T05:52:40.016+0000","2020-09-05T05:52:40.016+0000",30.38,"http://creativecommons.org/licenses/by/4.0/legalcode","LARVA","Barnala, Mahil kalan, Field","It is collected from Maize",75.55,NA,9,NA,"http://bins.boldsystems.org/index.php/Public_RecordView?processid=PBCR028-15","Punjab Agricultural University, Insect Museum","PRESENT","Lepidoptera",797,NA,NA,"Arthropoda",54,NA,"DWC_ARCHIVE",NA,"b3bf3a83-1f68-4541-a03f-330d30d567f5","Vikas Jindal,Manjinder Singh, Amit Thakur",NA,"Barcode of Life Datasystems",NA,"BOLD:AAN5677",NA,"Chilo partellus",1883200,NA,"http://www.boldsystems.org/index.php/Public_BarcodeCluster?clusteruri=BOLD:AAN5677","http://www.boldsystems.org/index.php/Public_BarcodeCluster?clusteruri=BOLD:AAN5677",10526965,"ACCEPTED","UNRANKED",NA,NA,2014,2020-10-16,TRUE
"37","BOLD:AAN5677",10526965,"Creative Commons - Share Alike","Punjab",NA,NA,"MATERIAL_SAMPLE","pau ent IC : Cs Fa","Insecta",216,"Faridkot, Peepli, Field, Punjab, India",NA,NA,"India",161,NA,"040c5662-da76-4782-a48e-cdea1892d14c",18,NA,196,0,"2014-09-18T00:00:00",NA,"Crambidae",8841,"Cs Fa","India","2251212532","BOLD:AAN5677","Chilo",1883132,"WGS84",NA,NA,NA,NA,NA,NA,"BOLD:AAN5677",NA,"Vikas Jindal","PBCR033-15",NA,"fb5e4c2a-579c-434b-a446-3a665dd732ad",NA,"IN",2251212532,"Animalia",1,"en","2020-09-03T03:46:09.404+0000","2020-09-05T05:53:55.367+0000","2020-09-05T05:53:55.367+0000",30.4,"http://creativecommons.org/licenses/by/4.0/legalcode","LARVA","Faridkot, Peepli, Field","It is collected from Maize",74.45,NA,9,NA,"http://bins.boldsystems.org/index.php/Public_RecordView?processid=PBCR033-15","Punjab Agricultural University, Insect Museum","PRESENT","Lepidoptera",797,NA,NA,"Arthropoda",54,NA,"DWC_ARCHIVE",NA,"b3bf3a83-1f68-4541-a03f-330d30d567f5","Vikas Jindal,Manjinder Singh, Amit Thakur",NA,"Barcode of Life Datasystems",NA,"BOLD:AAN5677",NA,"Chilo partellus",1883200,NA,"http://www.boldsystems.org/index.php/Public_BarcodeCluster?clusteruri=BOLD:AAN5677","http://www.boldsystems.org/index.php/Public_BarcodeCluster?clusteruri=BOLD:AAN5677",10526965,"ACCEPTED","UNRANKED",NA,NA,2014,2020-10-16,TRUE
"38","BOLD:AAN5677",10526965,"Creative Commons - Share Alike","Punjab",NA,NA,"MATERIAL_SAMPLE","pau ent IC : Cp Mo","Insecta",216,"Mohali, Kharar, Field, Punjab, India",NA,NA,"India",161,NA,"040c5662-da76-4782-a48e-cdea1892d14c",22,NA,227,0,"2014-09-22T00:00:00",NA,"Crambidae",8841,"Cp Mo","India","2251212617","BOLD:AAN5677","Chilo",1883132,"WGS84",NA,NA,NA,NA,NA,NA,"BOLD:AAN5677",NA,"Vikas Jindal","PBCR018-15",NA,"fb5e4c2a-579c-434b-a446-3a665dd732ad",NA,"IN",2251212617,"Animalia",1,"en","2020-09-03T03:46:09.404+0000","2020-09-05T05:52:56.080+0000","2020-09-05T05:52:56.080+0000",30.74,"http://creativecommons.org/licenses/by/4.0/legalcode","LARVA","Mohali, Kharar, Field","It is collected from Sorghum",76.64,NA,9,NA,"http://bins.boldsystems.org/index.php/Public_RecordView?processid=PBCR018-15","Punjab Agricultural University, Insect Museum","PRESENT","Lepidoptera",797,NA,NA,"Arthropoda",54,NA,"DWC_ARCHIVE",NA,"b3bf3a83-1f68-4541-a03f-330d30d567f5","Vikas Jindal,Manjinder Singh, Amit Thakur",NA,"Barcode of Life Datasystems",NA,"BOLD:AAN5677",NA,"Chilo partellus",1883200,NA,"http://www.boldsystems.org/index.php/Public_BarcodeCluster?clusteruri=BOLD:AAN5677","http://www.boldsystems.org/index.php/Public_BarcodeCluster?clusteruri=BOLD:AAN5677",10526965,"ACCEPTED","UNRANKED",NA,NA,2014,2020-10-16,TRUE
"39","Chilo partellus Swinhoe, 1885",1883200,"Creative Commons - Share Alike","Tamil Nadu",NA,NA,"MATERIAL_SAMPLE","TNAUCR201500002","Insecta",216,"Coimbatore, TNAU campus, Tamil Nadu, India",NA,NA,"India",161,NA,"040c5662-da76-4782-a48e-cdea1892d14c",14,NA,437,0,"2014-12-14T00:00:00",NA,"Crambidae",8841,"TNAUCR201500002","India","2251549676","Chilo","Chilo",1883132,"WGS84",NA,NA,NA,NA,NA,NA,NA,NA,NA,"TNMEL017-16",NA,"fb5e4c2a-579c-434b-a446-3a665dd732ad",NA,"IN",2251549676,"Animalia",1,"en","2020-09-03T03:46:09.404+0000","2020-09-05T05:53:56.772+0000","2020-09-05T05:53:56.772+0000",11.0148,"http://creativecommons.org/licenses/by/4.0/legalcode","ADULT","Coimbatore, TNAU campus",NA,76.9315,NA,12,NA,"http://bins.boldsystems.org/index.php/Public_RecordView?processid=TNMEL017-16","Tamil Nadu Agricultural University","PRESENT","Lepidoptera",797,NA,NA,"Arthropoda",54,"Legs","DWC_ARCHIVE",NA,"b3bf3a83-1f68-4541-a03f-330d30d567f5","Rathikannu,S., Ganesh Kumar, M., Chitra, N. and Mohan Kumar, S.",NA,"Barcode of Life Datasystems","Rearing","Chilo partellus Swinhoe, 1885","MALE","Chilo partellus",1883200,"partellus",NA,NA,1883200,"ACCEPTED","SPECIES",NA,NA,2014,2020-10-16,TRUE
"40","BOLD:AAN5677",10526965,"Creative Commons - Share Alike","Punjab",NA,NA,"MATERIAL_SAMPLE","pau ent IC : Cp G1","Insecta",216,"Gurdaspur, Regional Research Station, Regional Research Station, Punjab, India",NA,NA,"India",161,NA,"040c5662-da76-4782-a48e-cdea1892d14c",8,NA,241,0,"2013-01-08T00:00:00","it is collected from maize","Crambidae",8841,"Cp G1","India","2250767280","BOLD:AAN5677","Chilo",1883132,"WGS84",NA,NA,NA,NA,NA,NA,"BOLD:AAN5677",NA,"Vikas Jindal","LEPIN053-14",NA,"fb5e4c2a-579c-434b-a446-3a665dd732ad",NA,"IN",2250767280,"Animalia",1,"en","2020-09-03T03:46:09.404+0000","2020-09-05T05:53:02.049+0000","2020-09-05T05:53:02.049+0000",32.05,"http://creativecommons.org/licenses/by/4.0/legalcode","LARVA","Gurdaspur, Regional Research Station, Regional Research Station",NA,75.45,NA,1,NA,"http://bins.boldsystems.org/index.php/Public_RecordView?processid=LEPIN053-14","Punjab Agricultural University, Insect Museum","PRESENT","Lepidoptera",797,NA,NA,"Arthropoda",54,NA,"DWC_ARCHIVE",NA,"b3bf3a83-1f68-4541-a03f-330d30d567f5","Virash gupta, Vikas Jindal, Bharti Mohindru,Geetika Banta, Sachin Sharma",NA,"Barcode of Life Datasystems",NA,"BOLD:AAN5677",NA,"Chilo partellus",1883200,NA,"http://www.boldsystems.org/index.php/Public_BarcodeCluster?clusteruri=BOLD:AAN5677","http://www.boldsystems.org/index.php/Public_BarcodeCluster?clusteruri=BOLD:AAN5677",10526965,"ACCEPTED","UNRANKED",NA,NA,2013,2020-10-16,TRUE
"41","BOLD:AAN5677",10526965,"Creative Commons - Share Alike","Eastern Cape",NA,NA,"MATERIAL_SAMPLE","HonM130205","Insecta",216,"Eastern Cape, South Africa",NA,NA,"South Africa",161,NA,"040c5662-da76-4782-a48e-cdea1892d14c",5,NA,NA,NA,"2013-02-05T00:00:00",NA,"Crambidae",8841,"17HonM","South Africa","1413925461","BOLD:AAN5677","Chilo",1883132,"WGS84",NA,NA,NA,NA,NA,NA,"BOLD:AAN5677",NA,"Mxolisis Arnold Stemelle","ACSBS014-13",NA,"fb5e4c2a-579c-434b-a446-3a665dd732ad",NA,"ZA",1413925461,"Animalia",1,"en","2020-09-03T03:46:09.404+0000","2020-09-05T05:52:48.189+0000","2020-09-05T05:52:48.189+0000",-32.8,"http://creativecommons.org/licenses/by/4.0/legalcode","ADULT",NA,NA,26.85,NA,2,NA,"http://bins.boldsystems.org/index.php/Public_RecordView?processid=ACSBS014-13","University of Fort Hare","PRESENT","Lepidoptera",797,NA,NA,"Arthropoda",54,"Leg","DWC_ARCHIVE",NA,"b3bf3a83-1f68-4541-a03f-330d30d567f5","M.A. Stemele, Y. Armide, O. Duba",NA,"Barcode of Life Datasystems",NA,"BOLD:AAN5677",NA,"Chilo partellus",1883200,NA,"http://www.boldsystems.org/index.php/Public_BarcodeCluster?clusteruri=BOLD:AAN5677","http://www.boldsystems.org/index.php/Public_BarcodeCluster?clusteruri=BOLD:AAN5677",10526965,"ACCEPTED","UNRANKED",NA,NA,2013,2020-10-16,TRUE
"42","BOLD:AAN5677",10526965,"Creative Commons - Share Alike","Punjab",NA,NA,"MATERIAL_SAMPLE","pau ent IC : Cp L1","Insecta",216,"Ludhiana, PAU, Entomology farm, Punjab, India",NA,NA,"India",161,NA,"040c5662-da76-4782-a48e-cdea1892d14c",29,NA,244,0,"2013-07-29T00:00:00","It is collected from maize","Crambidae",8841,"Cp L1","India","2250767263","BOLD:AAN5677","Chilo",1883132,"WGS84",NA,NA,NA,NA,NA,NA,"BOLD:AAN5677",NA,"Vikas Jindal","LEPIN048-14",NA,"fb5e4c2a-579c-434b-a446-3a665dd732ad",NA,"IN",2250767263,"Animalia",1,"en","2020-09-03T03:46:09.404+0000","2020-09-05T05:53:02.320+0000","2020-09-05T05:53:02.320+0000",30.9833,"http://creativecommons.org/licenses/by/4.0/legalcode","LARVA","Ludhiana, PAU, Entomology farm",NA,76.4167,NA,7,NA,"http://bins.boldsystems.org/index.php/Public_RecordView?processid=LEPIN048-14","Punjab Agricultural University, Insect Museum","PRESENT","Lepidoptera",797,NA,NA,"Arthropoda",54,NA,"DWC_ARCHIVE",NA,"b3bf3a83-1f68-4541-a03f-330d30d567f5","Virash gupta, Vikas Jindal, Bharti Mohindru,Geetika Banta, Sachin Sharma",NA,"Barcode of Life Datasystems",NA,"BOLD:AAN5677",NA,"Chilo partellus",1883200,NA,"http://www.boldsystems.org/index.php/Public_BarcodeCluster?clusteruri=BOLD:AAN5677","http://www.boldsystems.org/index.php/Public_BarcodeCluster?clusteruri=BOLD:AAN5677",10526965,"ACCEPTED","UNRANKED",NA,NA,2013,2020-10-16,TRUE
"43","BOLD:AAN5677",10526965,"Creative Commons - Share Alike","KwaZulu-Natal",NA,NA,"MATERIAL_SAMPLE",NA,"Insecta",216,"eThekwini, Vernon Crookes Nature Reserve, KwaZulu-Natal, South Africa",NA,NA,"South Africa",161,NA,"040c5662-da76-4782-a48e-cdea1892d14c",21,NA,NA,NA,"2012-01-21T00:00:00",NA,"Crambidae",8841,"PATLEPI3906","South Africa","1414895861","BOLD:AAN5677","Chilo",1883132,"WGS84",NA,NA,NA,NA,NA,NA,"BOLD:AAN5677",NA,"Patrick Matee","ETKL270-13",NA,"fb5e4c2a-579c-434b-a446-3a665dd732ad",NA,"ZA",1414895861,"Animalia",1,"en","2020-09-03T03:46:09.404+0000","2020-09-05T05:53:36.186+0000","2020-09-05T05:53:36.186+0000",-30.2674,"http://creativecommons.org/licenses/by/4.0/legalcode",NA,"eThekwini, Vernon Crookes Nature Reserve",NA,30.6113,NA,1,NA,"http://bins.boldsystems.org/index.php/Public_RecordView?processid=ETKL270-13","University of KwaZulu-Natal","PRESENT","Lepidoptera",797,NA,NA,"Arthropoda",54,NA,"DWC_ARCHIVE",NA,"b3bf3a83-1f68-4541-a03f-330d30d567f5","K. Waddington",NA,"Barcode of Life Datasystems",NA,"BOLD:AAN5677",NA,"Chilo partellus",1883200,NA,"http://www.boldsystems.org/index.php/Public_BarcodeCluster?clusteruri=BOLD:AAN5677","http://www.boldsystems.org/index.php/Public_BarcodeCluster?clusteruri=BOLD:AAN5677",10526965,"ACCEPTED","UNRANKED",NA,NA,2012,2020-10-16,TRUE
"44","BOLD:AAN5677",10526965,"Creative Commons - Share Alike","Punjab",NA,NA,"MATERIAL_SAMPLE","pau ent IC : Cs L1","Insecta",216,"Ludhiana, PAU, Entomology farm, Punjab, India",NA,NA,"India",161,NA,"040c5662-da76-4782-a48e-cdea1892d14c",2,NA,244,0,"2012-08-02T00:00:00","it is collected from Rice-49DB","Crambidae",8841,"Cs L1","India","2250767306","BOLD:AAN5677","Chilo",1883132,"WGS84",NA,NA,NA,NA,NA,NA,"BOLD:AAN5677",NA,"Andrew Mitchell","LEPIN013-12",NA,"fb5e4c2a-579c-434b-a446-3a665dd732ad",NA,"IN",2250767306,"Animalia",1,"en","2020-09-03T03:46:09.404+0000","2020-09-05T05:52:59.418+0000","2020-09-05T05:52:59.418+0000",30.15,"http://creativecommons.org/licenses/by/4.0/legalcode",NA,"Ludhiana, PAU, Entomology farm",NA,76.4167,NA,8,NA,"http://bins.boldsystems.org/index.php/Public_RecordView?processid=LEPIN013-12","Punjab Agricultural University, Insect Museum","PRESENT","Lepidoptera",797,NA,NA,"Arthropoda",54,NA,"DWC_ARCHIVE",NA,"b3bf3a83-1f68-4541-a03f-330d30d567f5","Virash gupta,Jaimeet kaur, Bharathi Mohindru, Vikas Jindal",NA,"Barcode of Life Datasystems",NA,"BOLD:AAN5677",NA,"Chilo partellus",1883200,NA,"http://www.boldsystems.org/index.php/Public_BarcodeCluster?clusteruri=BOLD:AAN5677","http://www.boldsystems.org/index.php/Public_BarcodeCluster?clusteruri=BOLD:AAN5677",10526965,"ACCEPTED","UNRANKED",NA,NA,2012,2020-10-16,TRUE
"49","BOLD:AAN5677",10526965,"Creative Commons - Share Alike","Pafos",NA,NA,"MATERIAL_SAMPLE","VNLEP00288","Insecta",216,"Pafos, Cyprus",NA,NA,"Cyprus",161,NA,"040c5662-da76-4782-a48e-cdea1892d14c",21,NA,60,0,"2011-04-21T00:00:00",NA,"Crambidae",8841,NA,"Cyprus","1416553846","BOLD:AAN5677","Chilo",1883132,"WGS84",NA,NA,NA,NA,NA,NA,"BOLD:AAN5677",NA,"Eddie John","VNMB920-13",NA,"fb5e4c2a-579c-434b-a446-3a665dd732ad",NA,"CY",1416553846,"Animalia",1,"en","2020-09-03T03:46:09.404+0000","2020-09-05T05:53:36.811+0000","2020-09-05T05:53:36.811+0000",34.729,"http://creativecommons.org/licenses/by/4.0/legalcode",NA,NA,NA,32.574,NA,4,NA,"http://bins.boldsystems.org/index.php/Public_RecordView?processid=VNMB920-13","Research Collection of Ian Barton","PRESENT","Lepidoptera",797,NA,NA,"Arthropoda",54,NA,"DWC_ARCHIVE",NA,"b3bf3a83-1f68-4541-a03f-330d30d567f5","Ian Barton",NA,"Barcode of Life Datasystems",NA,"BOLD:AAN5677","FEMALE","Chilo partellus",1883200,NA,"http://www.boldsystems.org/index.php/Public_BarcodeCluster?clusteruri=BOLD:AAN5677","http://www.boldsystems.org/index.php/Public_BarcodeCluster?clusteruri=BOLD:AAN5677",10526965,"ACCEPTED","UNRANKED",NA,NA,2011,2020-10-16,TRUE
"50","BOLD:AAN5677",10526965,"Creative Commons - Share Alike",NA,"https://www.ncbi.nlm.nih.gov/nuccore/MK566472",NA,"MATERIAL_SAMPLE",NA,"Insecta",216,"Mombasa, ICIPE Lab, Kenya",NA,NA,"Kenya",161,NA,"040c5662-da76-4782-a48e-cdea1892d14c",16,NA,NA,NA,"2011-12-16T00:00:00","Dried","Crambidae",8841,"KEN11-10","Kenya","2250845033","BOLD:AAN5677","Chilo",1883132,"WGS84","Google Earth",NA,NA,NA,NA,NA,"BOLD:AAN5677",NA,NA,"LSTEM165-18",NA,"fb5e4c2a-579c-434b-a446-3a665dd732ad",NA,"KE",2250845033,"Animalia",1,"en","2020-09-03T03:46:09.404+0000","2020-09-05T05:54:04.995+0000","2020-09-05T05:54:04.995+0000",-4,"http://creativecommons.org/licenses/by/4.0/legalcode","LARVA","Mombasa, ICIPE Lab","20km",39.6,NA,12,NA,"http://bins.boldsystems.org/index.php/Public_RecordView?processid=LSTEM165-18","Australian Museum, Sydney","PRESENT","Lepidoptera",797,NA,NA,"Arthropoda",54,NA,"DWC_ARCHIVE",NA,"b3bf3a83-1f68-4541-a03f-330d30d567f5",NA,NA,"Barcode of Life Datasystems",NA,"BOLD:AAN5677",NA,"Chilo partellus",1883200,NA,"http://www.boldsystems.org/index.php/Public_BarcodeCluster?clusteruri=BOLD:AAN5677","http://www.boldsystems.org/index.php/Public_BarcodeCluster?clusteruri=BOLD:AAN5677",10526965,"ACCEPTED","UNRANKED",NA,NA,2011,2020-10-16,TRUE
"52","BOLD:AAN5677",10526965,"Creative Commons - Share Alike","Khyber Pakhtunkhwa","https://www.ncbi.nlm.nih.gov/nuccore/HQ991286",NA,"MATERIAL_SAMPLE","MOT-00599","Insecta",216,"Northwest Frontier, Rawlakot, Khyber Pakhtunkhwa, Pakistan",NA,NA,"Pakistan",161,NA,"040c5662-da76-4782-a48e-cdea1892d14c",28,NA,161,0,"2010-07-28T00:00:00",NA,"Crambidae",8841,NA,"Pakistan","1415767061","BOLD:AAN5677","Chilo",1883132,"WGS84","GPS",NA,NA,NA,NA,NA,"BOLD:AAN5677",NA,"Muhammad Ashfaq","MAMOT599-10",NA,"fb5e4c2a-579c-434b-a446-3a665dd732ad",NA,"PK",1415767061,"Animalia",1,"en","2020-09-03T03:46:09.404+0000","2020-09-05T05:53:54.393+0000","2020-09-05T05:53:54.393+0000",33.85,"http://creativecommons.org/licenses/by/4.0/legalcode",NA,"Northwest Frontier, Rawlakot",NA,73.75,NA,7,NA,"http://bins.boldsystems.org/index.php/Public_RecordView?processid=MAMOT599-10","National Institute for Biotechnology and Genetic Engineering","PRESENT","Lepidoptera",797,NA,NA,"Arthropoda",54,NA,"DWC_ARCHIVE",NA,"b3bf3a83-1f68-4541-a03f-330d30d567f5","S. Akhtar",NA,"Barcode of Life Datasystems",NA,"BOLD:AAN5677",NA,"Chilo partellus",1883200,NA,"http://www.boldsystems.org/index.php/Public_BarcodeCluster?clusteruri=BOLD:AAN5677","http://www.boldsystems.org/index.php/Public_BarcodeCluster?clusteruri=BOLD:AAN5677",10526965,"ACCEPTED","UNRANKED",NA,NA,2010,2020-10-16,TRUE
"56","BOLD:AAN5677",10526965,"Creative Commons - Share Alike","Punjab","https://www.ncbi.nlm.nih.gov/nuccore/HQ990905",NA,"MATERIAL_SAMPLE","MOT-00199","Insecta",216,"Faisalabad, Gut Wala, Punjab, Pakistan",NA,NA,"Pakistan",161,NA,"040c5662-da76-4782-a48e-cdea1892d14c",13,NA,190,0,"2010-08-13T00:00:00",NA,"Crambidae",8841,NA,"Pakistan","1415764899","BOLD:AAN5677","Chilo",1883132,"WGS84","GPS",NA,NA,NA,NA,NA,"BOLD:AAN5677",NA,"Muhammad Ashfaq","MAMOT199-10",NA,"fb5e4c2a-579c-434b-a446-3a665dd732ad",NA,"PK",1415764899,"Animalia",1,"en","2020-09-03T03:46:09.404+0000","2020-09-05T05:52:59.125+0000","2020-09-05T05:52:59.125+0000",31.4667,"http://creativecommons.org/licenses/by/4.0/legalcode",NA,"Faisalabad, Gut Wala",NA,73.2,NA,8,NA,"http://bins.boldsystems.org/index.php/Public_RecordView?processid=MAMOT199-10","National Institute for Biotechnology and Genetic Engineering","PRESENT","Lepidoptera",797,NA,NA,"Arthropoda",54,NA,"DWC_ARCHIVE",NA,"b3bf3a83-1f68-4541-a03f-330d30d567f5","S. Akhtar",NA,"Barcode of Life Datasystems",NA,"BOLD:AAN5677",NA,"Chilo partellus",1883200,NA,"http://www.boldsystems.org/index.php/Public_BarcodeCluster?clusteruri=BOLD:AAN5677","http://www.boldsystems.org/index.php/Public_BarcodeCluster?clusteruri=BOLD:AAN5677",10526965,"ACCEPTED","UNRANKED",NA,NA,2010,2020-10-16,TRUE
"60","BOLD:AAN5677",10526965,"Creative Commons - Share Alike","Punjab","https://www.ncbi.nlm.nih.gov/nuccore/HQ990926",NA,"MATERIAL_SAMPLE","MOT-00221","Insecta",216,"Faisalabad, NIBGE, Punjab, Pakistan",NA,NA,"Pakistan",161,NA,"040c5662-da76-4782-a48e-cdea1892d14c",19,NA,182,0,"2010-08-19T00:00:00",NA,"Crambidae",8841,NA,"Pakistan","1415765190","BOLD:AAN5677","Chilo",1883132,"WGS84","GPS",NA,NA,NA,NA,NA,"BOLD:AAN5677",NA,"Muhammad Ashfaq","MAMOT221-10",NA,"fb5e4c2a-579c-434b-a446-3a665dd732ad",NA,"PK",1415765190,"Animalia",1,"en","2020-09-03T03:46:09.404+0000","2020-09-05T05:52:59.428+0000","2020-09-05T05:52:59.428+0000",31.3833,"http://creativecommons.org/licenses/by/4.0/legalcode",NA,"Faisalabad, NIBGE",NA,73.0167,NA,8,NA,"http://bins.boldsystems.org/index.php/Public_RecordView?processid=MAMOT221-10","National Institute for Biotechnology and Genetic Engineering","PRESENT","Lepidoptera",797,NA,NA,"Arthropoda",54,NA,"DWC_ARCHIVE",NA,"b3bf3a83-1f68-4541-a03f-330d30d567f5","S. Akhtar",NA,"Barcode of Life Datasystems",NA,"BOLD:AAN5677",NA,"Chilo partellus",1883200,NA,"http://www.boldsystems.org/index.php/Public_BarcodeCluster?clusteruri=BOLD:AAN5677","http://www.boldsystems.org/index.php/Public_BarcodeCluster?clusteruri=BOLD:AAN5677",10526965,"ACCEPTED","UNRANKED",NA,NA,2010,2020-10-16,TRUE
"63","BOLD:AAN5677",10526965,"Creative Commons - Share Alike","Khyber Pakhtunkhwa","https://www.ncbi.nlm.nih.gov/nuccore/HQ991021",NA,"MATERIAL_SAMPLE","MOT-00326","Insecta",216,"Muzaffarabad, Muzaffarabad, Khyber Pakhtunkhwa, Pakistan",NA,NA,"Pakistan",161,NA,"040c5662-da76-4782-a48e-cdea1892d14c",2,NA,748,0,"2010-08-02T00:00:00",NA,"Crambidae",8841,NA,"Pakistan","1415766209","BOLD:AAN5677","Chilo",1883132,"WGS84","GPS",NA,NA,NA,NA,NA,"BOLD:AAN5677",NA,"Muhammad Ashfaq","MAMOT326-10",NA,"fb5e4c2a-579c-434b-a446-3a665dd732ad",NA,"PK",1415766209,"Animalia",1,"en","2020-09-03T03:46:09.404+0000","2020-09-05T05:53:48.888+0000","2020-09-05T05:53:48.888+0000",34.35,"http://creativecommons.org/licenses/by/4.0/legalcode",NA,"Muzaffarabad, Muzaffarabad",NA,73.4667,NA,8,NA,"http://bins.boldsystems.org/index.php/Public_RecordView?processid=MAMOT326-10","National Institute for Biotechnology and Genetic Engineering","PRESENT","Lepidoptera",797,NA,NA,"Arthropoda",54,NA,"DWC_ARCHIVE",NA,"b3bf3a83-1f68-4541-a03f-330d30d567f5","S. Akhtar",NA,"Barcode of Life Datasystems",NA,"BOLD:AAN5677",NA,"Chilo partellus",1883200,NA,"http://www.boldsystems.org/index.php/Public_BarcodeCluster?clusteruri=BOLD:AAN5677","http://www.boldsystems.org/index.php/Public_BarcodeCluster?clusteruri=BOLD:AAN5677",10526965,"ACCEPTED","UNRANKED",NA,NA,2010,2020-10-16,TRUE
"71","Chilo partellus Swinhoe, 1885",1883200,NA,NA,"HQ990926",NA,"PRESERVED_SPECIMEN",NA,"Insecta",216,"Pakistan, Pakistan",NA,NA,"Pakistan",128,"2011-02-16","ad43e954-dd79-4986-ae34-9ccdbd8bf568",19,NA,NA,NA,"2010-08-19T00:00:00",NA,"Crambidae",8841,NA,"Pakistan","2306172507","Chilo","Chilo",1883132,"WGS84",NA,NA,"Eukaryota;Metazoa;Ecdysozoa;Arthropoda;Hexapoda;Insecta;Pterygota;Neoptera;Holometabola;Lepidoptera;Glossata;Ditrysia;Pyraloidea;Crambidae;Crambinae;Chilo",NA,NA,NA,NA,NA,NA,"HQ990926",NA,"9e4f3516-2b98-4700-a39a-3f109252508c",NA,"PK",2306172507,"Animalia",1,NA,"2019-08-05T13:47:28.081+0000","2020-10-07T14:08:37.109+0000","2020-10-07T14:08:37.109+0000",31.38,"http://creativecommons.org/licenses/by/4.0/legalcode",NA,"Pakistan",NA,73.02,"2019-05-03T00:00:00.000+0000",8,NA,"HQ990926",NA,"PRESENT","Lepidoptera",797,NA,NA,"Arthropoda",54,NA,"DWC_ARCHIVE","GB","ada9d123-ddb4-467d-8891-806ea8d94230","S. Akhtar","http://www.ebi.ac.uk/ena/data/view/HQ990926",NA,NA,"Chilo partellus Swinhoe, 1885",NA,"Chilo partellus",1883200,"partellus",NA,"236792",1883200,"ACCEPTED","SPECIES",NA,NA,2010,2020-10-16,TRUE
"72","Chilo partellus Swinhoe, 1885",1883200,NA,NA,"HQ991020",NA,"PRESERVED_SPECIMEN",NA,"Insecta",216,"Pakistan, Pakistan",NA,NA,"Pakistan",128,"2011-02-16","ad43e954-dd79-4986-ae34-9ccdbd8bf568",13,NA,NA,NA,"2010-08-13T00:00:00",NA,"Crambidae",8841,NA,"Pakistan","2307044510","Chilo","Chilo",1883132,"WGS84",NA,NA,"Eukaryota;Metazoa;Ecdysozoa;Arthropoda;Hexapoda;Insecta;Pterygota;Neoptera;Holometabola;Lepidoptera;Glossata;Ditrysia;Pyraloidea;Crambidae;Crambinae;Chilo",NA,NA,NA,NA,NA,NA,"HQ991020",NA,"9e4f3516-2b98-4700-a39a-3f109252508c",NA,"PK",2307044510,"Animalia",1,NA,"2019-08-05T13:47:28.081+0000","2020-10-07T14:08:18.145+0000","2020-10-07T14:08:18.145+0000",31.47,"http://creativecommons.org/licenses/by/4.0/legalcode",NA,"Pakistan",NA,73.2,"2019-05-03T00:00:00.000+0000",8,NA,"HQ991020",NA,"PRESENT","Lepidoptera",797,NA,NA,"Arthropoda",54,NA,"DWC_ARCHIVE","GB","ada9d123-ddb4-467d-8891-806ea8d94230","S. Akhtar","http://www.ebi.ac.uk/ena/data/view/HQ991020",NA,NA,"Chilo partellus Swinhoe, 1885",NA,"Chilo partellus",1883200,"partellus",NA,"236792",1883200,"ACCEPTED","SPECIES",NA,NA,2010,2020-10-16,TRUE
"74","Chilo partellus Swinhoe, 1885",1883200,NA,NA,"HQ991021",NA,"PRESERVED_SPECIMEN",NA,"Insecta",216,"Pakistan, Akrotiri and Dhekelia",NA,NA,"Akrotiri and Dhekelia",128,"2011-02-16","ad43e954-dd79-4986-ae34-9ccdbd8bf568",2,NA,NA,NA,"2010-08-02T00:00:00",NA,"Crambidae",8841,NA,NA,"2307420671","Chilo","Chilo",1883132,"WGS84",NA,NA,"Eukaryota;Metazoa;Ecdysozoa;Arthropoda;Hexapoda;Insecta;Pterygota;Neoptera;Holometabola;Lepidoptera;Glossata;Ditrysia;Pyraloidea;Crambidae;Crambinae;Chilo",NA,NA,NA,NA,NA,NA,"HQ991021",NA,"9e4f3516-2b98-4700-a39a-3f109252508c",NA,NA,2307420671,"Animalia",1,NA,"2019-08-05T13:47:28.081+0000","2020-10-07T14:08:51.738+0000","2020-10-07T14:08:51.738+0000",34.35,"http://creativecommons.org/licenses/by/4.0/legalcode",NA,"Pakistan",NA,73.47,"2019-05-03T00:00:00.000+0000",8,NA,"HQ991021",NA,"PRESENT","Lepidoptera",797,NA,NA,"Arthropoda",54,NA,"DWC_ARCHIVE","GB","ada9d123-ddb4-467d-8891-806ea8d94230","S. Akhtar","http://www.ebi.ac.uk/ena/data/view/HQ991021",NA,NA,"Chilo partellus Swinhoe, 1885",NA,"Chilo partellus",1883200,"partellus",NA,"236792",1883200,"ACCEPTED","SPECIES",NA,NA,2010,2020-10-16,TRUE
"86","BOLD:AAN5677",10526965,"Creative Commons - Share Alike","Coast","https://www.ncbi.nlm.nih.gov/nuccore/HQ962613-SUPPRESSED",NA,"MATERIAL_SAMPLE","Pyra.00010","Insecta",216,"Coast, Kenya",NA,NA,"Kenya",161,NA,"040c5662-da76-4782-a48e-cdea1892d14c",1,NA,46,0,"2007-05-01T00:00:00",NA,"Crambidae",8841,NA,"Kenya","1415642128","BOLD:AAN5677","Chilo",1883132,"WGS84",NA,NA,NA,NA,NA,NA,"BOLD:AAN5677",NA,"Bruno Leru","KINS091-10",NA,"fb5e4c2a-579c-434b-a446-3a665dd732ad",NA,"KE",1415642128,"Animalia",1,"en","2020-09-03T03:46:09.404+0000","2020-09-05T05:53:34.657+0000","2020-09-05T05:53:34.657+0000",-4.341,"http://creativecommons.org/licenses/by/4.0/legalcode",NA,NA,NA,41.518,NA,5,NA,"http://bins.boldsystems.org/index.php/Public_RecordView?processid=KINS091-10","International Centre of Insect Physiology and Ecology","PRESENT","Lepidoptera",797,NA,NA,"Arthropoda",54,NA,"DWC_ARCHIVE",NA,"b3bf3a83-1f68-4541-a03f-330d30d567f5","Bruno LeRu",NA,"Barcode of Life Datasystems",NA,"BOLD:AAN5677","FEMALE","Chilo partellus",1883200,NA,"http://www.boldsystems.org/index.php/Public_BarcodeCluster?clusteruri=BOLD:AAN5677","http://www.boldsystems.org/index.php/Public_BarcodeCluster?clusteruri=BOLD:AAN5677",10526965,"ACCEPTED","UNRANKED",NA,NA,2007,2020-10-16,TRUE
"88","BOLD:AAN5677",10526965,"Creative Commons - Share Alike",NA,"https://www.ncbi.nlm.nih.gov/nuccore/JN266237-SUPPRESSED",NA,"MATERIAL_SAMPLE","BC MTD Lep 01318","Insecta",216,"Kenya",NA,NA,"Kenya",161,NA,"040c5662-da76-4782-a48e-cdea1892d14c",24,NA,20,0,"2005-11-24T00:00:00",NA,"Crambidae",8841,"BC MTD Lep 01318","Kenya","1416058908","BOLD:AAN5677","Chilo",1883132,"WGS84",NA,NA,NA,NA,NA,NA,"BOLD:AAN5677",NA,NA,"PYRG471-11",NA,"fb5e4c2a-579c-434b-a446-3a665dd732ad",NA,"KE",1416058908,"Animalia",1,"en","2020-09-03T03:46:09.404+0000","2020-09-05T05:52:44.417+0000","2020-09-05T05:52:44.417+0000",-3.301,"http://creativecommons.org/licenses/by/4.0/legalcode",NA,NA,NA,39.985,NA,11,NA,"http://bins.boldsystems.org/index.php/Public_RecordView?processid=PYRG471-11","Senckenberg Natural History Collections Dresden, Museum of Zoology","PRESENT","Lepidoptera",797,NA,NA,"Arthropoda",54,NA,"DWC_ARCHIVE",NA,"b3bf3a83-1f68-4541-a03f-330d30d567f5","Muli, Nuss, Okuku et Traenkner",NA,"Barcode of Life Datasystems",NA,"BOLD:AAN5677",NA,"Chilo partellus",1883200,NA,"http://www.boldsystems.org/index.php/Public_BarcodeCluster?clusteruri=BOLD:AAN5677","http://www.boldsystems.org/index.php/Public_BarcodeCluster?clusteruri=BOLD:AAN5677",10526965,"ACCEPTED","UNRANKED",NA,NA,2005,2020-10-16,TRUE
"89","BOLD:AAN5677",10526965,"Creative Commons - Share Alike",NA,"https://www.ncbi.nlm.nih.gov/nuccore/MK566467",NA,"MATERIAL_SAMPLE",NA,"Insecta",216,"Coast, Mwabungu, Site 1, Kenya",NA,NA,"Kenya",161,NA,"040c5662-da76-4782-a48e-cdea1892d14c",19,NA,NA,NA,"2004-10-19T00:00:00","Pinned","Crambidae",8841,NA,"Kenya","2250849728","BOLD:AAN5677","Chilo",1883132,"WGS84","GPS",NA,NA,NA,NA,NA,"BOLD:AAN5677",NA,"Bruno Le Rue","LSTEM428-18",NA,"fb5e4c2a-579c-434b-a446-3a665dd732ad",NA,"KE",2250849728,"Animalia",1,"en","2020-09-03T03:46:09.404+0000","2020-09-05T05:53:52.888+0000","2020-09-05T05:53:52.888+0000",-4.35,"http://creativecommons.org/licenses/by/4.0/legalcode","ADULT","Coast, Mwabungu, Site 1",NA,39.55,NA,10,NA,"http://bins.boldsystems.org/index.php/Public_RecordView?processid=LSTEM428-18","Australian Museum, Sydney","PRESENT","Lepidoptera",797,NA,NA,"Arthropoda",54,NA,"DWC_ARCHIVE",NA,"b3bf3a83-1f68-4541-a03f-330d30d567f5","D.J.L. Agassiz",NA,"Barcode of Life Datasystems",NA,"BOLD:AAN5677",NA,"Chilo partellus",1883200,NA,"http://www.boldsystems.org/index.php/Public_BarcodeCluster?clusteruri=BOLD:AAN5677","http://www.boldsystems.org/index.php/Public_BarcodeCluster?clusteruri=BOLD:AAN5677",10526965,"ACCEPTED","UNRANKED",NA,NA,2004,2020-10-16,TRUE
"95","BOLD:AAN5677",10526965,"Creative Commons - Share Alike","KwaZulu-Natal","https://www.ncbi.nlm.nih.gov/nuccore/MK566468","Host: Zea mays","MATERIAL_SAMPLE",NA,"Insecta",216,"Pongola, W. Visser farm, KwaZulu-Natal, South Africa",NA,NA,"South Africa",161,NA,"040c5662-da76-4782-a48e-cdea1892d14c",15,NA,NA,NA,"2003-12-15T00:00:00",NA,"Crambidae",8841,"S. ex. 138","South Africa","2250848137","BOLD:AAN5677","Chilo",1883132,"WGS84","Google Earth",NA,NA,NA,NA,NA,"BOLD:AAN5677",NA,NA,"LSTEM265-18",NA,"fb5e4c2a-579c-434b-a446-3a665dd732ad",NA,"ZA",2250848137,"Animalia",1,"en","2020-09-03T03:46:09.404+0000","2020-09-05T05:52:59.972+0000","2020-09-05T05:52:59.972+0000",-27.38,"http://creativecommons.org/licenses/by/4.0/legalcode",NA,"Pongola, W. Visser farm","20km",31.64,NA,12,NA,"http://bins.boldsystems.org/index.php/Public_RecordView?processid=LSTEM265-18","Australian Museum, Sydney","PRESENT","Lepidoptera",797,NA,NA,"Arthropoda",54,NA,"DWC_ARCHIVE",NA,"b3bf3a83-1f68-4541-a03f-330d30d567f5","D. Conlong",NA,"Barcode of Life Datasystems",NA,"BOLD:AAN5677",NA,"Chilo partellus",1883200,NA,"http://www.boldsystems.org/index.php/Public_BarcodeCluster?clusteruri=BOLD:AAN5677","http://www.boldsystems.org/index.php/Public_BarcodeCluster?clusteruri=BOLD:AAN5677",10526965,"ACCEPTED","UNRANKED",NA,NA,2003,2020-10-16,TRUE
"99","BOLD:AAN5677",10526965,"Creative Commons - Share Alike",NA,NA,NA,"MATERIAL_SAMPLE","USNM ENT 01067109","Insecta",216,"Sudan",NA,NA,"Sudan",161,NA,"040c5662-da76-4782-a48e-cdea1892d14c",22,NA,NA,NA,"1961-11-22T00:00:00",NA,"Crambidae",8841,NA,"Sudan","1416040473","BOLD:AAN5677","Chilo",1883132,"WGS84","Google Earth",NA,NA,NA,NA,NA,"BOLD:AAN5677",NA,"Scott E. Miller","PMANL3450-14",NA,"fb5e4c2a-579c-434b-a446-3a665dd732ad",NA,"SD",1416040473,"Animalia",1,"en","2020-09-03T03:46:09.404+0000","2020-09-05T05:53:22.281+0000","2020-09-05T05:53:22.281+0000",17.555,"http://creativecommons.org/licenses/by/4.0/legalcode",NA,NA,NA,33.937,NA,11,NA,"http://bins.boldsystems.org/index.php/Public_RecordView?processid=PMANL3450-14","Smithsonian Institution National Museum of Natural History","PRESENT","Lepidoptera",797,NA,NA,"Arthropoda",54,NA,"DWC_ARCHIVE",NA,"b3bf3a83-1f68-4541-a03f-330d30d567f5",NA,NA,"Barcode of Life Datasystems",NA,"BOLD:AAN5677","FEMALE","Chilo partellus",1883200,NA,"http://www.boldsystems.org/index.php/Public_BarcodeCluster?clusteruri=BOLD:AAN5677","http://www.boldsystems.org/index.php/Public_BarcodeCluster?clusteruri=BOLD:AAN5677",10526965,"ACCEPTED","UNRANKED",NA,NA,1961,2020-10-16,TRUE
"108","BOLD:AAN5677",10526965,"Creative Commons - Share Alike",NA,NA,NA,"MATERIAL_SAMPLE",NA,"Insecta",216,"Bangalore, India",NA,NA,"India",161,NA,"040c5662-da76-4782-a48e-cdea1892d14c",NA,NA,920,0,NA,"GenBank Submitted","Crambidae",8841,"RO-NBAIR-6","India","2248538693","BOLD:AAN5677","Chilo",1883132,"WGS84",NA,"Maize",NA,NA,NA,NA,"BOLD:AAN5677",NA,NA,"AGIRI006-17",NA,"fb5e4c2a-579c-434b-a446-3a665dd732ad",NA,"IN",2248538693,"Animalia",1,"en","2020-09-03T03:46:09.404+0000","2020-09-05T05:53:39.511+0000","2020-09-05T05:53:39.511+0000",12.9716,"http://creativecommons.org/licenses/by/4.0/legalcode",NA,"Bangalore",NA,77.5946,NA,NA,NA,"http://bins.boldsystems.org/index.php/Public_RecordView?processid=AGIRI006-17","National Bureau of Agricultural Insect Resources, India","PRESENT","Lepidoptera",797,NA,NA,"Arthropoda",54,NA,"DWC_ARCHIVE",NA,"b3bf3a83-1f68-4541-a03f-330d30d567f5",NA,NA,"Barcode of Life Datasystems",NA,"BOLD:AAN5677",NA,"Chilo partellus",1883200,NA,"http://www.boldsystems.org/index.php/Public_BarcodeCluster?clusteruri=BOLD:AAN5677","http://www.boldsystems.org/index.php/Public_BarcodeCluster?clusteruri=BOLD:AAN5677",10526965,"ACCEPTED","UNRANKED",NA,NA,NA,2020-10-16,TRUE
"121","BOLD:AAN5677",10526965,"Creative Commons - Share Alike",NA,"https://www.ncbi.nlm.nih.gov/nuccore/MK566464",NA,"MATERIAL_SAMPLE",NA,"Insecta",216,"Coimbatore, India",NA,NA,"India",161,NA,"040c5662-da76-4782-a48e-cdea1892d14c",NA,NA,NA,NA,NA,"Pinned","Crambidae",8841,NA,"India","2250848081","BOLD:AAN5677","Chilo",1883132,"WGS84","Google Earth",NA,NA,NA,NA,NA,"BOLD:AAN5677",NA,NA,"LSTEM031-18",NA,"fb5e4c2a-579c-434b-a446-3a665dd732ad",NA,"IN",2250848081,"Animalia",1,"en","2020-09-03T03:46:09.404+0000","2020-09-05T05:53:11.752+0000","2020-09-05T05:53:11.752+0000",11.01,"http://creativecommons.org/licenses/by/4.0/legalcode","ADULT","Coimbatore","10km",76.92,NA,NA,NA,"http://bins.boldsystems.org/index.php/Public_RecordView?processid=LSTEM031-18","Australian Museum, Sydney","PRESENT","Lepidoptera",797,NA,NA,"Arthropoda",54,NA,"DWC_ARCHIVE",NA,"b3bf3a83-1f68-4541-a03f-330d30d567f5",NA,NA,"Barcode of Life Datasystems",NA,"BOLD:AAN5677",NA,"Chilo partellus",1883200,NA,"http://www.boldsystems.org/index.php/Public_BarcodeCluster?clusteruri=BOLD:AAN5677","http://www.boldsystems.org/index.php/Public_BarcodeCluster?clusteruri=BOLD:AAN5677",10526965,"ACCEPTED","UNRANKED",NA,NA,NA,2020-10-16,TRUE
